{
  "Mi8lite": {
    "rf": {
      "r2_val": 0.9584638453179253,
      "mae_val": 0.21643227948685162,
      "rmse_val": 0.5664023132601106,
      "r2_test": 0.859899546425335,
      "mae_test": 0.4158916546368487,
      "rmse_test": 1.0238276267859625,
      "best_params": {
        "max_depth": 10,
        "n_estimators": 100
      }
    },
    "xgb": {
      "r2_val": 0.9953204735873081,
      "mae_val": 0.09555355092268863,
      "rmse_val": 0.1901134424331035,
      "r2_test": 0.8411515105032018,
      "mae_test": 0.39628070222512457,
      "rmse_test": 1.0901810241443861,
      "best_params": {
        "learning_rate": 0.05,
        "max_depth": 5,
        "n_estimators": 200
      }
    }
  },
  "NOKIA": {
    "rf": {
      "r2_val": 0.9861268867107492,
      "mae_val": 0.117336843389261,
      "rmse_val": 0.30949850787311145,
      "r2_test": 0.9518796055736696,
      "mae_test": 0.28438186688077827,
      "rmse_test": 0.6935992018808135,
      "best_params": {
        "max_depth": 10,
        "n_estimators": 100
      }
    },
    "xgb": {
      "r2_val": 0.9912821145308154,
      "mae_val": 0.1184813608047816,
      "rmse_val": 0.24534497800590005,
      "r2_test": 0.941457388138483,
      "mae_test": 0.3368246260389405,
      "rmse_test": 0.7650327775352908,
      "best_params": {
        "learning_rate": 0.1,
        "max_depth": 3,
        "n_estimators": 200
      }
    }
  },
  "OPPOA83": {
    "rf": {
      "r2_val": 0.9861951425704106,
      "mae_val": 0.16116147372817832,
      "rmse_val": 0.34197851641350485,
      "r2_test": 0.9321814570924475,
      "mae_test": 0.30266374387728123,
      "rmse_test": 0.7220949380295735,
      "best_params": {
        "max_depth": 10,
        "n_estimators": 100
      }
    },
    "xgb": {
      "r2_val": 0.9935037211574272,
      "mae_val": 0.11709544836846805,
      "rmse_val": 0.23459307612494174,
      "r2_test": 0.9529514176953442,
      "mae_test": 0.2616025225058826,
      "rmse_test": 0.6014414342054132,
      "best_params": {
        "learning_rate": 0.1,
        "max_depth": 3,
        "n_estimators": 200
      }
    }
  },
  "OppoReno5": {
    "rf": {
      "r2_val": 0.9729606645137641,
      "mae_val": 0.2001176887765837,
      "rmse_val": 0.47617412761383127,
      "r2_test": 0.8626710823029514,
      "mae_test": 0.44806462690782023,
      "rmse_test": 1.088098041698633,
      "best_params": {
        "max_depth": 10,
        "n_estimators": 50
      }
    },
    "xgb": {
      "r2_val": 0.9985973734653351,
      "mae_val": 0.05915913822906044,
      "rmse_val": 0.1084523115409214,
      "r2_test": 0.8602500445961655,
      "mae_test": 0.44378733611250015,
      "rmse_test": 1.0976474403551542,
      "best_params": {
        "learning_rate": 0.1,
        "max_depth": 5,
        "n_estimators": 200
      }
    }
  },
  "RedmiA1": {
    "rf": {
      "r2_val": 0.9880368464222533,
      "mae_val": 0.10723851245881832,
      "rmse_val": 0.24177195690809825,
      "r2_test": 0.9107746932618738,
      "mae_test": 0.2559715288583611,
      "rmse_test": 0.6751164451849466,
      "best_params": {
        "max_depth": 10,
        "n_estimators": 100
      }
    },
    "xgb": {
      "r2_val": 0.9860680067353568,
      "mae_val": 0.12934965769775703,
      "rmse_val": 0.26090939309890565,
      "r2_test": 0.8869180776254841,
      "mae_test": 0.29412954704755195,
      "rmse_test": 0.7600309074846054,
      "best_params": {
        "learning_rate": 0.1,
        "max_depth": 3,
        "n_estimators": 200
      }
    }
  },
  "SamsungS22": {
    "rf": {
      "r2_val": 0.9740359190579243,
      "mae_val": 0.18254562819974135,
      "rmse_val": 0.48743010083910837,
      "r2_test": 0.8762594348069143,
      "mae_test": 0.3731632603782532,
      "rmse_test": 1.0213199801447783,
      "best_params": {
        "max_depth": 10,
        "n_estimators": 50
      }
    },
    "xgb": {
      "r2_val": 0.9920207347533005,
      "mae_val": 0.11791942939602142,
      "rmse_val": 0.27021367188620216,
      "r2_test": 0.877522571744112,
      "mae_test": 0.37044356808397505,
      "rmse_test": 1.0160938195303875,
      "best_params": {
        "learning_rate": 0.05,
        "max_depth": 5,
        "n_estimators": 200
      }
    }
  }
}